skill_score,similarity_score,experience_score,education_score,hired
95,92,100,100,1
90,88,100,100,1
85,80,90,100,1
80,75,80,100,1
78,72,75,100,1
75,70,70,100,1
70,65,65,100,1
68,62,60,100,1
65,60,55,100,1
60,58,50,100,1
58,55,45,100,0
55,52,40,100,0
50,48,35,100,0
45,45,30,100,0
40,40,25,100,0
35,35,20,100,0
30,30,15,100,0
25,25,10,100,0
20,20,5,100,0
10,10,0,100,0
92,90,95,100,1
88,84,90,100,1
82,79,85,100,1
76,73,80,100,1
69,66,70,100,1
62,60,60,100,1
57,55,50,100,0
49,47,40,100,0
39,38,25,100,0
15,18,5,100,0
